신라스테이 구로,3성급,서울 동작구 시흥대로 596,친절해요,침구가 좋아요,깨끗해요,조용히 쉬기 좋아요,호캉스하기 좋아요
SR호텔 사당,2성급,서울 동작구 동작대로1길 15,친절해요,깨끗해요,침구가 좋아요,대중교통이 편해요,조용히 쉬기 좋아요
핸드픽트호텔,3성급,서울 동작구 상도로 120 핸드픽트호텔.서울,깨끗해요,친절해요,조용히 쉬기 좋아요,인테리어가 멋져요,주차하기 편해요
MRG호텔,모텔,서울 동작구 동작대로9길 4 MRG호텔,침구가 좋아요,조용히 쉬기 좋아요,대중교통이 편해요,친절해요,깨끗해요
-,-,-,-,-,-,-,-
-,-,-,-,-,-,-,-
코자자모텔,모텔,서울 동작구 사당로30길 5,친절해요,침구가 좋아요,조용히 쉬기 좋아요,깨끗해요,대중교통이 편해요
-,-,-,-,-,-,-,-
-,-,-,-,-,-,-,-
-,-,-,-,-,-,-,-
-,-,-,-,-,-,-,-
-,-,-,-,-,-,-,-
-,-,-,-,-,-,-,-
-,-,-,-,-,-,-,-
-,-,-,-,-,-,-,-
-,-,-,-,-,-,-,-
핸드픽트호텔,3성급,서울 동작구 상도로 120 핸드픽트호텔.서울,깨끗해요,친절해요,조용히 쉬기 좋아요,인테리어가 멋져요,주차하기 편해요
-,-,-,-,-,-,-,-
-,-,-,-,-,-,-,-
-,-,-,-,-,-,-,-
-,-,-,-,-,-,-,-
-,-,-,-,-,-,-,-
-,-,-,-,-,-,-,-
-,-,-,-,-,-,-,-
세림모텔,모텔,서울 동작구 사당로 291,침구가 좋아요,깨끗해요,조용히 쉬기 좋아요,친절해요,근처에 갈 곳이 많아요
-,-,-,-,-,-,-,-
-,-,-,-,-,-,-,-
-,-,-,-,-,-,-,-
-,-,-,-,-,-,-,-
-,-,-,-,-,-,-,-
-,-,-,-,-,-,-,-
-,-,-,-,-,-,-,-
-,-,-,-,-,-,-,-
핸드픽트컬렉션즈,호텔,서울 동작구 상도로 120,깨끗해요,친절해요,조용히 쉬기 좋아요,침구가 좋아요,사진이 잘 나와요
-,-,-,-,-,-,-,-
-,-,-,-,-,-,-,-
-,-,-,-,-,-,-,-
-,-,-,-,-,-,-,-
-,-,-,-,-,-,-,-
-,-,-,-,-,-,-,-
-,-,-,-,-,-,-,-
-,-,-,-,-,-,-,-
-,-,-,-,-,-,-,-
-,-,-,-,-,-,-,-
-,-,-,-,-,-,-,-
-,-,-,-,-,-,-,-
-,-,-,-,-,-,-,-
-,-,-,-,-,-,-,-
-,-,-,-,-,-,-,-
-,-,-,-,-,-,-,-
-,-,-,-,-,-,-,-
-,-,-,-,-,-,-,-
-,-,-,-,-,-,-,-
-,-,-,-,-,-,-,-
-,-,-,-,-,-,-,-
-,-,-,-,-,-,-,-
-,-,-,-,-,-,-,-
-,-,-,-,-,-,-,-
-,-,-,-,-,-,-,-
-,-,-,-,-,-,-,-
-,-,-,-,-,-,-,-
-,-,-,-,-,-,-,-
나인트리 프리미어 로카우스 호텔 서울 용산,4성급,서울 용산구 한강대로23길 25 나인트리 프리미어 로카우스 호텔 서울 용산,친절해요,깨끗해요,침구가 좋아요,호캉스하기 좋아요,조용히 쉬기 좋아요
페어몬트 앰배서더 서울,5성급,서울 영등포구 여의대로 108 페어몬트 앰배서더 서울 호텔,친절해요,호캉스하기 좋아요,깨끗해요,침구가 좋아요,인테리어가 멋져요
콘래드 서울 호텔,5성급,서울 영등포구 국제금융로 10 서울 국제금융 센터,친절해요,뷰가 좋아요,깨끗해요,인테리어가 멋져요,조용히 쉬기 좋아요
글래드 여의도,4성급,서울 영등포구 의사당대로 16,침구가 좋아요,친절해요,깨끗해요,조용히 쉬기 좋아요,호캉스하기 좋아요
-,-,-,-,-,-,-,-
롯데시티호텔 구로,3성급,서울 구로구 디지털로 300 지밸리비즈플라자,침구가 좋아요,친절해요,조용히 쉬기 좋아요,깨끗해요,호캉스하기 좋아요
코트야드 메리어트 서울 타임스퀘어,4성급,서울 영등포구 영중로 15 타임스퀘어,친절해요,주차하기 편해요,깨끗해요,즐길 거리가 많아요,침구가 좋아요
포포인츠 바이 쉐라톤 서울 구로,4성급,서울 구로구 디지털로32길 72,침구가 좋아요,깨끗해요,친절해요,조용히 쉬기 좋아요,호캉스하기 좋아요
-,-,-,-,-,-,-,-
페어필드 바이 메리어트 서울 호텔,4급,서울 영등포구 경인로 870,침구가 좋아요,친절해요,깨끗해요,대중교통이 편해요,조용히 쉬기 좋아요
-,-,-,-,-,-,-,-
토요코인 서울영등포점,2성급,서울 영등포구 신길로 293,깨끗해요,친절해요,침구가 좋아요,조용히 쉬기 좋아요,조식이 맛있어요
하이서울유스호스텔,호스텔,서울 영등포구 영신로 200 하이서울유스호스텔,깨끗해요,친절해요,침구가 좋아요,조용히 쉬기 좋아요,주차하기 편해요
-,-,-,-,-,-,-,-
서울해군호텔,호텔,서울 영등포구 가마산로 538,친절해요,주차하기 편해요,깨끗해요,조용히 쉬기 좋아요,침구가 좋아요
-,-,-,-,-,-,-,-
-,-,-,-,-,-,-,-
호텔GMS,3성급,서울 영등포구 경인로 867,깨끗해요,침구가 좋아요,친절해요,조용히 쉬기 좋아요,대중교통이 편해요
뜨랑블루호텔,2성급,서울 관악구 신림동7길 52,깨끗해요,조용히 쉬기 좋아요,침구가 좋아요,친절해요,냉난방이 잘돼요
-,-,-,-,-,-,-,-
-,-,-,-,-,-,-,-
-,-,-,-,-,-,-,-
에이치에비뉴 호텔,호텔,서울 영등포구 영중로10길 32-3,침구가 좋아요,깨끗해요,친절해요,인테리어가 멋져요,호캉스하기 좋아요
-,-,-,-,-,-,-,-
더리프 서울 사당,기타숙박업,서울 관악구 남현1길 66 3층,깨끗해요,인테리어가 멋져요,침구가 좋아요,친절해요,사진이 잘 나와요
54번가호텔,3급,서울 관악구 관악로17길 19,침구가 좋아요,조용히 쉬기 좋아요,깨끗해요,친절해요,인테리어가 멋져요
호텔인카페 독산사거리점,호텔,서울 금천구 가산로 35,침구가 좋아요,깨끗해요,조용히 쉬기 좋아요,친절해요,방음이 잘돼요
-,-,-,-,-,-,-,-
모텔봄 보라매역점,모텔,서울 영등포구 대방천로 251,깨끗해요,친절해요,침구가 좋아요,조용히 쉬기 좋아요,주차하기 편해요
CS프리미어호텔서울,3급,서울 관악구 남부순환로 1458,깨끗해요,친절해요,침구가 좋아요,뷰가 좋아요,조용히 쉬기 좋아요
라다호텔,모텔,서울 영등포구 여의대방로67길 18 스타빌딩,침구가 좋아요,조용히 쉬기 좋아요,깨끗해요,친절해요,대중교통이 편해요
-,-,-,-,-,-,-,-
호텔오라,호텔,서울 영등포구 영등포로 264-11 호텔오라,침구가 좋아요,깨끗해요,친절해요,조용히 쉬기 좋아요,냉난방이 잘돼요
-,-,-,-,-,-,-,-
URBAN HOTEL GOLF,3급,서울 관악구 난곡로64길 5,침구가 좋아요,깨끗해요,친절해요,주차하기 편해요,조용히 쉬기 좋아요
-,-,-,-,-,-,-,-
-,-,-,-,-,-,-,-
-,-,-,-,-,-,-,-
아하바호텔,모텔,서울 영등포구 영중로8길 7,친절해요,깨끗해요,침구가 좋아요,조용히 쉬기 좋아요,대중교통이 편해요
-,-,-,-,-,-,-,-
도미니크호텔,2급,서울 관악구 남부순환로 1501,침구가 좋아요,깨끗해요,친절해요,인테리어가 멋져요,주차하기 편해요
폭스호텔,모텔,서울 관악구 관악로 208-4 폭스호텔,친절해요,침구가 좋아요,깨끗해요,조용히 쉬기 좋아요,주차하기 편해요
M모텔,모텔,서울 관악구 남부순환로 2082-27,깨끗해요,침구가 좋아요,친절해요,냉난방이 잘돼요,조용히 쉬기 좋아요
캡슐 마중,게스트하우스,서울 영등포구 경인로100길 1-10,대중교통이 편해요,깨끗해요,조용히 쉬기 좋아요,친절해요,냉난방이 잘돼요
-,-,-,-,-,-,-,-
-,-,-,-,-,-,-,-
-,-,-,-,-,-,-,-
컬리넌호텔 구로,모텔,서울 구로구 시흥대로 533,침구가 좋아요,깨끗해요,조용히 쉬기 좋아요,친절해요,방음이 잘돼요
-,-,-,-,-,-,-,-
-,-,-,-,-,-,-,-
카리스호텔,호텔,서울 관악구 승방2길 31 사당 카리스호텔,깨끗해요,조용히 쉬기 좋아요,친절해요,침구가 좋아요,대중교통이 편해요
신트라호텔,2성급,서울 관악구 신림로66길 16,깨끗해요,침구가 좋아요,친절해요,조용히 쉬기 좋아요,주차하기 편해요
CF모텔,모텔,서울 영등포구 영중로10길 41 모텔CF,깨끗해요,조용히 쉬기 좋아요,침구가 좋아요,친절해요,주차하기 편해요
베니키아호텔카카오,1성급,서울 영등포구 경인로108길 15 (((체크인 시간 17:00 (오후 5시) 입니다))),깨끗해요,친절해요,침구가 좋아요,조용히 쉬기 좋아요,주차하기 편해요
-,-,-,-,-,-,-,-
스타일호텔,호텔,서울 서초구 방배중앙로 171,침구가 좋아요,조용히 쉬기 좋아요,깨끗해요,주차하기 편해요,호캉스하기 좋아요
wo모텔 용산역,모텔,서울 용산구 한강대로7길 9,조용히 쉬기 좋아요,침구가 좋아요,깨끗해요,냉난방이 잘돼요,친절해요
씨엘호텔,3급,서울 영등포구 영신로32길 8,깨끗해요,침구가 좋아요,주차하기 편해요,친절해요,냉난방이 잘돼요
-,-,-,-,-,-,-,-
-,-,-,-,-,-,-,-
호텔 린,모텔,서울 관악구 남부순환로220길 34,친절해요,대중교통이 편해요,조용히 쉬기 좋아요,침구가 좋아요,깨끗해요
-,-,-,-,-,-,-,-
-,-,-,-,-,-,-,-
-,-,-,-,-,-,-,-
-,-,-,-,-,-,-,-
코모도호텔,모텔,서울 영등포구 영중로6길 10 코모도호텔,깨끗해요,침구가 좋아요,친절해요,조용히 쉬기 좋아요,대중교통이 편해요
코트야드 메리어트 서울 타임스퀘어,4성급,서울 영등포구 영중로 15 타임스퀘어,친절해요,주차하기 편해요,깨끗해요,즐길 거리가 많아요,침구가 좋아요
호텔오아시스,모텔,서울 구로구 디지털로32길 97-10 오아시스빌딩,깨끗해요,조용히 쉬기 좋아요,침구가 좋아요,친절해요,대중교통이 편해요
ZIP호텔,모텔,서울 관악구 남부순환로224길 32 ZIP호텔,친절해요,침구가 좋아요,조용히 쉬기 좋아요,깨끗해요,근처에 갈 곳이 많아요
이사벨호텔,호텔,서울 금천구 가산로 50,친절해요,깨끗해요,침구가 좋아요,조용히 쉬기 좋아요,주차하기 편해요
-,-,-,-,-,-,-,-
-,-,-,-,-,-,-,-
스카이호텔,호텔,서울 용산구 한강대로7길 9-5 스카이호텔,친절해요,침구가 좋아요,깨끗해요,방음이 잘돼요,조용히 쉬기 좋아요
-,-,-,-,-,-,-,-
데쟈트호텔,호텔,서울 영등포구 영중로4길 9-6,깨끗해요,침구가 좋아요,조용히 쉬기 좋아요,인테리어가 멋져요,친절해요
-,-,-,-,-,-,-,-
하라스호텔,모텔,서울 영등포구 영중로4길 15-6,조용히 쉬기 좋아요,친절해요,깨끗해요,근처에 갈 곳이 많아요,냉난방이 잘돼요
-,-,-,-,-,-,-,-
-,-,-,-,-,-,-,-
-,-,-,-,-,-,-,-
올리브모텔,모텔,서울 구로구 디지털로32길 97-31,침구가 좋아요,친절해요,깨끗해요,조용히 쉬기 좋아요,방음이 잘돼요
Hotel YOLO,모텔,서울 영등포구 영등포로35길 17-4,침구가 좋아요,깨끗해요,조용히 쉬기 좋아요,친절해요,주차하기 편해요
-,-,-,-,-,-,-,-
호텔 그곳에,모텔,서울 영등포구 영중로4길 15-5,침구가 좋아요,친절해요,깨끗해요,조용히 쉬기 좋아요,사진이 잘 나와요
포도모텔,모텔,서울 관악구 신림로64길 16,깨끗해요,침구가 좋아요,조용히 쉬기 좋아요,대중교통이 편해요,주차하기 편해요
-,-,-,-,-,-,-,-
나이스 타임호텔,호텔,서울 관악구 신림로64길 28 나이스 타임 호텔,침구가 좋아요,친절해요,조식이 맛있어요,방음이 잘돼요,인테리어가 멋져요
-,-,-,-,-,-,-,-
-,-,-,-,-,-,-,-
VIP호텔,3급,서울 영등포구 경인로114나길 6,친절해요,침구가 좋아요,깨끗해요,조용히 쉬기 좋아요,인테리어가 멋져요
-,-,-,-,-,-,-,-
-,-,-,-,-,-,-,-
-,-,-,-,-,-,-,-
-,-,-,-,-,-,-,-
-,-,-,-,-,-,-,-
-,-,-,-,-,-,-,-
-,-,-,-,-,-,-,-
WD 호텔,2성급,서울 관악구 신림로 349,깨끗해요,친절해요,침구가 좋아요,조용히 쉬기 좋아요,대중교통이 편해요
